type,category,title,path,filename,ext,size
Template,00_TEMPLATE_MASTER,TEMPLATE LIBRARY — IT-AssistanceTI_N2 et N3 - IT-MaintenanceMaster et autre assistant (MASTER),IT-SHARED/20_TEMPLATES/00_TEMPLATE_MASTER/TEMPLATE_MASTER_Library-IT_V1.md,TEMPLATE_MASTER_Library-IT_V1.md,.md,65453
Template,01_TEMPLATE_CW,EXEMPLES_CLOSE_CW_REELS.md,IT-SHARED/20_TEMPLATES/01_TEMPLATE_CW/99_ARCHIVE/EXEMPLES_CLOSE_CW_REELS.md,EXEMPLES_CLOSE_CW_REELS.md,.md,7999
Template,01_TEMPLATE_CW,TEMPLATE: CW_DISCUSSION (Note ConnectWise - Facturable),IT-SHARED/20_TEMPLATES/01_TEMPLATE_CW/99_ARCHIVE/TEMPLATE__CW_DISCUSSION.md,TEMPLATE__CW_DISCUSSION.md,.md,5295
Template,01_TEMPLATE_CW,CW_DISCUSSION_STAR — Template,IT-SHARED/20_TEMPLATES/01_TEMPLATE_CW/99_ARCHIVE/TEMPLATE__CW_DISCUSSION_STAR.md,TEMPLATE__CW_DISCUSSION_STAR.md,.md,1146
Template,01_TEMPLATE_CW,TEMPLATE: CW_NOTE_INTERNE (Note technique - Base de connaissance),IT-SHARED/20_TEMPLATES/01_TEMPLATE_CW/99_ARCHIVE/TEMPLATE__CW_NOTE_INTERNE.md,TEMPLATE__CW_NOTE_INTERNE.md,.md,16887
Template,01_TEMPLATE_CW,TEMPLATE — CW_NOTE_INTERNE (par asset),IT-SHARED/20_TEMPLATES/01_TEMPLATE_CW/99_ARCHIVE/TEMPLATE__CW_NOTE_INTERNE__PER_ASSET.md,TEMPLATE__CW_NOTE_INTERNE__PER_ASSET.md,.md,1310
Template,01_TEMPLATE_CW,CW TEMPLATE LIBRARY — IT-InterventionCopilot,IT-SHARED/20_TEMPLATES/01_TEMPLATE_CW/99_ARCHIVE/TEMPLATE__CW_TEMPLATE_LIBRARY__INTERVENTION_COPILOT.md,TEMPLATE__CW_TEMPLATE_LIBRARY__INTERVENTION_COPILOT.md,.md,5684
Template,01_TEMPLATE_CW,TEMPLATE: EMAIL_CLIENT (Notification client),IT-SHARED/20_TEMPLATES/01_TEMPLATE_CW/99_ARCHIVE/TEMPLATE__EMAIL_CLIENT.md,TEMPLATE__EMAIL_CLIENT.md,.md,10182
Template,01_TEMPLATE_CW,TEMPLATE BUNDLE — CW CLOSE,IT-SHARED/20_TEMPLATES/01_TEMPLATE_CW/TEMPLATE_BUNDLE_CW_CLOSE.md,TEMPLATE_BUNDLE_CW_CLOSE.md,.md,42798
Template,01_TEMPLATE_CW,TEMPLATE: CW_DISCUSSION (Note ConnectWise - Facturable),IT-SHARED/20_TEMPLATES/01_TEMPLATE_CW/TEMPLATE_CW_Discussion-STAR_V1.md,TEMPLATE_CW_Discussion-STAR_V1.md,.md,5458
Template,01_TEMPLATE_CW,TEMPLATE: EMAIL_CLIENT (Notification client),IT-SHARED/20_TEMPLATES/01_TEMPLATE_CW/TEMPLATE_CW_Email-Client_V1.md,TEMPLATE_CW_Email-Client_V1.md,.md,10182
Template,01_TEMPLATE_CW,CW TEMPLATE LIBRARY — IT-MaintenanceMaster,IT-SHARED/20_TEMPLATES/01_TEMPLATE_CW/TEMPLATE_CW_Intervention-Library_V1.md,TEMPLATE_CW_Intervention-Library_V1.md,.md,5682
Template,01_TEMPLATE_CW,TEMPLATE: CW_NOTE_INTERNE (Note technique - Base de connaissance),IT-SHARED/20_TEMPLATES/01_TEMPLATE_CW/TEMPLATE_CW_Note-Interne_V1.md,TEMPLATE_CW_Note-Interne_V1.md,.md,16887
Template,01_TEMPLATE_CW,TEMPLATE CW — Projet & SOW,IT-SHARED/20_TEMPLATES/01_TEMPLATE_CW/TEMPLATE_CW_PROJET_SOW_V1.md,TEMPLATE_CW_PROJET_SOW_V1.md,.md,2069
Template,02_TEMPLATE_COM,TEMPLATE — TEAMS NOTICE (COPIABLE),IT-SHARED/20_TEMPLATES/02_TEMPLATE_COM/99_ARCHIVE/TEMPLATE __TEAMS_NOTICE.md,TEMPLATE __TEAMS_NOTICE.md,.md,764
Template,02_TEMPLATE_COM,CW TEMPLATE LIBRARY — IT-InterventionCopilot,IT-SHARED/20_TEMPLATES/02_TEMPLATE_COM/99_ARCHIVE/TEMPLATE_CW_LIBRARY__INTERVENTION_COPILOT.md,TEMPLATE_CW_LIBRARY__INTERVENTION_COPILOT.md,.md,5658
Template,02_TEMPLATE_COM,TEMPLATE - Health Check,IT-SHARED/20_TEMPLATES/02_TEMPLATE_COM/99_ARCHIVE/TEMPLATE__INTERVENTION_EN_COURS.md,TEMPLATE__INTERVENTION_EN_COURS.md,.md,1687
Template,02_TEMPLATE_COM,TEMPLATE_COM_Email-Interruption-Planifiee_V1,IT-SHARED/20_TEMPLATES/02_TEMPLATE_COM/TEMPLATE_COM_Email-Interruption-Planifiee_V1.md,TEMPLATE_COM_Email-Interruption-Planifiee_V1.md,.md,1343
Template,02_TEMPLATE_COM,TEMPLATE_COM_Teams-Incident-Actif_V1,IT-SHARED/20_TEMPLATES/02_TEMPLATE_COM/TEMPLATE_COM_Teams-Incident-Actif_V1.md,TEMPLATE_COM_Teams-Incident-Actif_V1.md,.md,1379
Template,02_TEMPLATE_COM,TEMPLATE_COM_Teams-Maintenance_V1,IT-SHARED/20_TEMPLATES/02_TEMPLATE_COM/TEMPLATE_COM_Teams-Maintenance_V1.md,TEMPLATE_COM_Teams-Maintenance_V1.md,.md,1665
Template,02_TEMPLATE_COM,TEMPLATE — FLAG UP / AVERTISSEMENT,IT-SHARED/20_TEMPLATES/02_TEMPLATE_COM/TEMPLATE__FLAG_UP_AVERTISSEMENT.md,TEMPLATE__FLAG_UP_AVERTISSEMENT.md,.md,10285
Template,03_TEMPLATE_MAINTENANCE,TEMPLATE_MAINTENANCE_MAJ-CVE-et-Planifiee_V1,IT-SHARED/20_TEMPLATES/03_TEMPLATE_MAINTENANCE/TEMPLATE_MAINTENANCE_MAJ-CVE-et-Planifiee_V1.md,TEMPLATE_MAINTENANCE_MAJ-CVE-et-Planifiee_V1.md,.md,3210
Template,04_TEMPLATE_SUPPORT,TEMPLATES D'INTERVENTIONS,IT-SHARED/20_TEMPLATES/04_TEMPLATE_SUPPORT/INTERVENTION_TEMPLATE_INFRA_AZUREVM.md,INTERVENTION_TEMPLATE_INFRA_AZUREVM.md,.md,11443
Template,04_TEMPLATE_SUPPORT,TEMPLATES D'INTERVENTIONS,IT-SHARED/20_TEMPLATES/04_TEMPLATE_SUPPORT/INTERVENTION_TEMPLATE_IT.md,INTERVENTION_TEMPLATE_IT.md,.md,11443
Template,04_TEMPLATE_SUPPORT,TEMPLATE_SUPPORT_Escalade-et-Service-Restaure_V1,IT-SHARED/20_TEMPLATES/04_TEMPLATE_SUPPORT/TEMPLATE_SUPPORT_Escalade-et-Service-Restaure_V1.md,TEMPLATE_SUPPORT_Escalade-et-Service-Restaure_V1.md,.md,4136
Template,05_TEMPLATE_KNOWLEDGE,TEMPLATE_KNOWLEDGE_KB-Article-et-Procedure_V1,IT-SHARED/20_TEMPLATES/05_TEMPLATE_KNOWLEDGE/TEMPLATE_KNOWLEDGE_KB-Article-et-Procedure_V1.md,TEMPLATE_KNOWLEDGE_KB-Article-et-Procedure_V1.md,.md,3455
Template,06_TEMPLATE _INCIDENT,TEMPLATE — TEAMS NOTICE (COPIABLE),IT-SHARED/20_TEMPLATES/06_TEMPLATE _INCIDENT/99_ARCHIVE/TEMPLATE__INCIDENT_CRITIQUE.md,TEMPLATE__INCIDENT_CRITIQUE.md,.md,6346
Template,06_TEMPLATE _INCIDENT,TEMPLATE - Incident Log,IT-SHARED/20_TEMPLATES/06_TEMPLATE _INCIDENT/99_ARCHIVE/TEMPLATE__INCIDENT_LOG.md,TEMPLATE__INCIDENT_LOG.md,.md,1727
Template,06_TEMPLATE _INCIDENT,TEMPLATE_INCIDENT_Log-et-Critique_V1,IT-SHARED/20_TEMPLATES/06_TEMPLATE _INCIDENT/TEMPLATE_INCIDENT_Log-et-Critique_V1.md,TEMPLATE_INCIDENT_Log-et-Critique_V1.md,.md,3287
Template,06_TEMPLATE _INCIDENT,TEMPLATE_INTERVENTION_Compact_V1,IT-SHARED/20_TEMPLATES/06_TEMPLATE _INCIDENT/TEMPLATE_INTERVENTION_Compact_V1.md,TEMPLATE_INTERVENTION_Compact_V1.md,.md,1755
Template,06_TEMPLATE _INCIDENT,TEMPLATE_INTERVENTION_P1_PostMortem_V1,IT-SHARED/20_TEMPLATES/06_TEMPLATE _INCIDENT/TEMPLATE_INTERVENTION_P1_PostMortem_V1.md,TEMPLATE_INTERVENTION_P1_PostMortem_V1.md,.md,6642
Template,06_TEMPLATE _INCIDENT,TEMPLATE_INTERVENTION_Standard_V1,IT-SHARED/20_TEMPLATES/06_TEMPLATE _INCIDENT/TEMPLATE_INTERVENTION_Standard_V1.md,TEMPLATE_INTERVENTION_Standard_V1.md,.md,5365
Template,07_TEMPLATE_BACKUP,TEMPLATE - Restore Request,IT-SHARED/20_TEMPLATES/07_TEMPLATE_BACKUP/99_ARCHIVE/TEMPLATE__RESTORE_REQUEST.md,TEMPLATE__RESTORE_REQUEST.md,.md,1722
Template,07_TEMPLATE_BACKUP,TEMPLATE — TEAMS NOTICE (COPIABLE),IT-SHARED/20_TEMPLATES/07_TEMPLATE_BACKUP/99_ARCHIVE/TEMPLATE__TEST_RESTORE.md,TEMPLATE__TEST_RESTORE.md,.md,6346
Template,07_TEMPLATE_BACKUP,TEMPLATE_BACKUP_DR-Test-et-Restore_V1,IT-SHARED/20_TEMPLATES/07_TEMPLATE_BACKUP/TEMPLATE_BACKUP_DR-Test-et-Restore_V1.md,TEMPLATE_BACKUP_DR-Test-et-Restore_V1.md,.md,3458
Template,07_TEMPLATE_BACKUP,TEMPLATE_BACKUP_Restore_Trimestriel_V1,IT-SHARED/20_TEMPLATES/07_TEMPLATE_BACKUP/TEMPLATE_BACKUP_Restore_Trimestriel_V1.md,TEMPLATE_BACKUP_Restore_Trimestriel_V1.md,.md,6138
Template,07_TEMPLATE_BACKUP,Modèle de diagnostic VEEAM,IT-SHARED/20_TEMPLATES/07_TEMPLATE_BACKUP/TEMPLATE_DIAG_VEEAM,TEMPLATE_DIAG_VEEAM,,10764
Template,07_TEMPLATE_BACKUP,Rapport Test DR,IT-SHARED/20_TEMPLATES/07_TEMPLATE_BACKUP/TEMPLATE_DR_TEST.md,TEMPLATE_DR_TEST.md,.md,1065
Template,08_TEMPLATE_REPORTS,TEMPLATE - Azure Health Report,IT-SHARED/20_TEMPLATES/08_TEMPLATE_REPORTS/99_ARCHIVE/TEMPLATE__AZURE_HEALTH_REPORT.md,TEMPLATE__AZURE_HEALTH_REPORT.md,.md,8058
Template,08_TEMPLATE_REPORTS,TEMPLATE: Cloud Health Report,IT-SHARED/20_TEMPLATES/08_TEMPLATE_REPORTS/99_ARCHIVE/TEMPLATE__CLOUD_HEALTH_REPORT.md,TEMPLATE__CLOUD_HEALTH_REPORT.md,.md,11066
Template,08_TEMPLATE_REPORTS,TEMPLATE - Incident Report,IT-SHARED/20_TEMPLATES/08_TEMPLATE_REPORTS/99_ARCHIVE/TEMPLATE__INCIDENT_REPORT.md,TEMPLATE__INCIDENT_REPORT.md,.md,1691
Template,08_TEMPLATE_REPORTS,TEMPLATE — Rapport QBR (Quarterly Business Review) MSP,IT-SHARED/20_TEMPLATES/08_TEMPLATE_REPORTS/99_ARCHIVE/TEMPLATE__QBR_REPORT_V1.md,TEMPLATE__QBR_REPORT_V1.md,.md,3938
Template,08_TEMPLATE_REPORTS,TEMPLATE — Rapport Mensuel IT MSP,IT-SHARED/20_TEMPLATES/08_TEMPLATE_REPORTS/99_ARCHIVE/TEMPLATE__RAPPORT_MENSUEL_V1.md,TEMPLATE__RAPPORT_MENSUEL_V1.md,.md,2059
Template,08_TEMPLATE_REPORTS,TEMPLATE - Status Report,IT-SHARED/20_TEMPLATES/08_TEMPLATE_REPORTS/99_ARCHIVE/TEMPLATE__STATUS_REPORT.md,TEMPLATE__STATUS_REPORT.md,.md,1680
Template,08_TEMPLATE_REPORTS,TEMPLATE - Technical Report,IT-SHARED/20_TEMPLATES/08_TEMPLATE_REPORTS/99_ARCHIVE/TEMPLATE__Technical_Report.md,TEMPLATE__Technical_Report.md,.md,1693
Template,08_TEMPLATE_REPORTS,TEMPLATE_AUDIT_TRAIL_Tech-GPT-Conversation_V1,IT-SHARED/20_TEMPLATES/08_TEMPLATE_REPORTS/TEMPLATE_AUDIT_TRAIL_Tech-GPT-Conversation_V1.md,TEMPLATE_AUDIT_TRAIL_Tech-GPT-Conversation_V1.md,.md,2864
Template,08_TEMPLATE_REPORTS,Rapport de Sauvegarde,IT-SHARED/20_TEMPLATES/08_TEMPLATE_REPORTS/TEMPLATE_BACKUP_REPORT.md,TEMPLATE_BACKUP_REPORT.md,.md,1080
Template,08_TEMPLATE_REPORTS,TEMPLATE — CAPA (Corrective and Preventive Actions),IT-SHARED/20_TEMPLATES/08_TEMPLATE_REPORTS/TEMPLATE_CAPA_V1.md,TEMPLATE_CAPA_V1.md,.md,3523
Template,08_TEMPLATE_REPORTS,TEMPLATE — Revue d'Architecture Cloud,IT-SHARED/20_TEMPLATES/08_TEMPLATE_REPORTS/TEMPLATE_CLOUD_ARCHITECTURE_REVIEW_V1.md,TEMPLATE_CLOUD_ARCHITECTURE_REVIEW_V1.md,.md,5854
Template,08_TEMPLATE_REPORTS,TEMPLATE — Rapport de Conformité IT,IT-SHARED/20_TEMPLATES/08_TEMPLATE_REPORTS/TEMPLATE_COMPLIANCE_REPORT_V1.md,TEMPLATE_COMPLIANCE_REPORT_V1.md,.md,4964
Template,08_TEMPLATE_REPORTS,TEMPLATE — Plan de Reprise après Sinistre (DR Plan),IT-SHARED/20_TEMPLATES/08_TEMPLATE_REPORTS/TEMPLATE_DR_PLAN_V1.md,TEMPLATE_DR_PLAN_V1.md,.md,8709
Template,08_TEMPLATE_REPORTS,TEMPLATE — QBR Exécutif (Direction client),IT-SHARED/20_TEMPLATES/08_TEMPLATE_REPORTS/TEMPLATE_QBR_EXECUTIVE_V1.md,TEMPLATE_QBR_EXECUTIVE_V1.md,.md,4714
Template,08_TEMPLATE_REPORTS,TEMPLATE_RAPPORT_Compliance_5Piliers_V1,IT-SHARED/20_TEMPLATES/08_TEMPLATE_REPORTS/TEMPLATE_RAPPORT_Compliance_5Piliers_V1.md,TEMPLATE_RAPPORT_Compliance_5Piliers_V1.md,.md,10403
Template,08_TEMPLATE_REPORTS,TEMPLATE — Rapport Pipeline Projets MSP,IT-SHARED/20_TEMPLATES/08_TEMPLATE_REPORTS/TEMPLATE_RAPPORT_PIPELINE_PROJETS_V1.md,TEMPLATE_RAPPORT_PIPELINE_PROJETS_V1.md,.md,1845
Template,08_TEMPLATE_REPORTS,TEMPLATE - Azure Health Report,IT-SHARED/20_TEMPLATES/08_TEMPLATE_REPORTS/TEMPLATE_REPORT_Azure-Health_V1.md,TEMPLATE_REPORT_Azure-Health_V1.md,.md,8058
Template,08_TEMPLATE_REPORTS,TEMPLATE — Rapport Client Mensuel IT MSP,IT-SHARED/20_TEMPLATES/08_TEMPLATE_REPORTS/TEMPLATE_REPORT_Client_V1.md,TEMPLATE_REPORT_Client_V1.md,.md,2599
Template,08_TEMPLATE_REPORTS,TEMPLATE: Cloud Health Report,IT-SHARED/20_TEMPLATES/08_TEMPLATE_REPORTS/TEMPLATE_REPORT_Cloud-Health_V1.md,TEMPLATE_REPORT_Cloud-Health_V1.md,.md,11066
Template,08_TEMPLATE_REPORTS,TEMPLATE — Rapport Coordonnateur (Opérations MSP),IT-SHARED/20_TEMPLATES/08_TEMPLATE_REPORTS/TEMPLATE_REPORT_Coordonnateur_V1.md,TEMPLATE_REPORT_Coordonnateur_V1.md,.md,2550
Template,08_TEMPLATE_REPORTS,TEMPLATE — Rapport Mensuel IT MSP,IT-SHARED/20_TEMPLATES/08_TEMPLATE_REPORTS/TEMPLATE_REPORT_Mensuel_V1.md,TEMPLATE_REPORT_Mensuel_V1.md,.md,2059
Template,08_TEMPLATE_REPORTS,TEMPLATE — Postmortem d'Incident IT,IT-SHARED/20_TEMPLATES/08_TEMPLATE_REPORTS/TEMPLATE_REPORT_Postmortem_V2.md,TEMPLATE_REPORT_Postmortem_V2.md,.md,3459
Template,08_TEMPLATE_REPORTS,TEMPLATE — Rapport QBR (Quarterly Business Review) MSP,IT-SHARED/20_TEMPLATES/08_TEMPLATE_REPORTS/TEMPLATE_REPORT_QBR_V1.md,TEMPLATE_REPORT_QBR_V1.md,.md,3938
Template,08_TEMPLATE_REPORTS,TEMPLATE_REPORT_Status-et-Technique_V1,IT-SHARED/20_TEMPLATES/08_TEMPLATE_REPORTS/TEMPLATE_REPORT_Status-et-Technique_V1.md,TEMPLATE_REPORT_Status-et-Technique_V1.md,.md,2807
Template,09_TEMPLATE_HUDU,TEMPLATE — Fiches Objet IT (edocs),IT-SHARED/20_TEMPLATES/09_TEMPLATE_HUDU/99_ARCHIVE/TEMPLATE__EDOCS_FICHE_OBJET_IT.md,TEMPLATE__EDOCS_FICHE_OBJET_IT.md,.md,7756
Template,09_TEMPLATE_HUDU,TEMPLATE_KNOWLEDGE_KB-Article-et-Procedure_V1,IT-SHARED/20_TEMPLATES/09_TEMPLATE_HUDU/99_ARCHIVE/TEMPLATE__KB_Article.md,TEMPLATE__KB_Article.md,.md,3492
Template,09_TEMPLATE_HUDU,TEMPLATE — Fiches Objet IT (edocs),IT-SHARED/20_TEMPLATES/09_TEMPLATE_HUDU/TEMPLATE_HUDU_Fiche-Objet-IT_V1.md,TEMPLATE_HUDU_Fiche-Objet-IT_V1.md,.md,7756
Template,10_TEMPLATE_SCRIPT,Requires -Version 5.1,IT-SHARED/20_TEMPLATES/10_TEMPLATE_SCRIPT/99_ARCHIVE/POWERSHELL__Template_Standard_v1.ps1,POWERSHELL__Template_Standard_v1.ps1,.ps1,5894
Template,10_TEMPLATE_SCRIPT,TEMPLATE_SCRIPT_Header-PS-Standard_V1,IT-SHARED/20_TEMPLATES/10_TEMPLATE_SCRIPT/TEMPLATE_SCRIPT_Header-PS-Standard_V1.md,TEMPLATE_SCRIPT_Header-PS-Standard_V1.md,.md,4251
Template,11_TEMPLATE_SECURITY,TEMPLATE_SECURITY_Incident-et-Postmortem-SOC_V1,IT-SHARED/20_TEMPLATES/11_TEMPLATE_SECURITY/TEMPLATE_SECURITY_Incident-et-Postmortem-SOC_V1.md,TEMPLATE_SECURITY_Incident-et-Postmortem-SOC_V1.md,.md,3895
Template,12_TEMPLATE_DIAG,TEMPLATE DIAG DFRS,IT-SHARED/20_TEMPLATES/12_TEMPLATE_DIAG/99_ARCHIVE/TEMPLATE_DIAG_DFRS,TEMPLATE_DIAG_DFRS,,0
Template,12_TEMPLATE_DIAG,TEMPLATE_DIAG_PostPanneHQ.md,IT-SHARED/20_TEMPLATES/12_TEMPLATE_DIAG/TEMPLATE_DIAG_PostPanneHQ.md,TEMPLATE_DIAG_PostPanneHQ.md,.md,11467
Template,13_NAMING_STANDARDS,NAMING_STANDARDS_v1.md,IT-SHARED/20_TEMPLATES/13_NAMING_STANDARDS/NAMING_STANDARDS_v1.md,NAMING_STANDARDS_v1.md,.md,5136
Template,14_TEMPLATE_HEALTH,TEMPLATES D'INTERVENTIONS,IT-SHARED/20_TEMPLATES/14_TEMPLATE_HEALTH/99_ARCHIVE/INTERVENTION_TEMPLATE_IT.md,INTERVENTION_TEMPLATE_IT.md,.md,11443
Template,14_TEMPLATE_HEALTH,TEMPLATE - Azure Health Report,IT-SHARED/20_TEMPLATES/14_TEMPLATE_HEALTH/99_ARCHIVE/TEMPLATE__Azure_Health_Report.md,TEMPLATE__Azure_Health_Report.md,.md,8058
Template,14_TEMPLATE_HEALTH,TEMPLATE: Cloud Health Report,IT-SHARED/20_TEMPLATES/14_TEMPLATE_HEALTH/99_ARCHIVE/TEMPLATE__Cloud_Health_Report.md,TEMPLATE__Cloud_Health_Report.md,.md,11066
Template,14_TEMPLATE_HEALTH,TEMPLATE - Health Check,IT-SHARED/20_TEMPLATES/14_TEMPLATE_HEALTH/99_ARCHIVE/TEMPLATE__Health_Check.md,TEMPLATE__Health_Check.md,.md,1720
Template,14_TEMPLATE_HEALTH,TEMPLATE - Server Health Check,IT-SHARED/20_TEMPLATES/14_TEMPLATE_HEALTH/TEMPLATE__Server_Health_Check.md,TEMPLATE__Server_Health_Check.md,.md,7952
Template,15_TEMPLATE_TICKETOPS,CLOSE_BackupFailed — Fermeture Backup échoué,IT-SHARED/20_TEMPLATES/15_TEMPLATE_TICKETOPS/CLOSE_BackupFailed.md,CLOSE_BackupFailed.md,.md,3108
Template,15_TEMPLATE_TICKETOPS,CLOSE_DNS-DHCP — Fermeture Problème DNS/DHCP,IT-SHARED/20_TEMPLATES/15_TEMPLATE_TICKETOPS/CLOSE_DNS-DHCP.md,CLOSE_DNS-DHCP.md,.md,3174
Template,15_TEMPLATE_TICKETOPS,CLOSE_DisquePlein — Fermeture Disque plein,IT-SHARED/20_TEMPLATES/15_TEMPLATE_TICKETOPS/CLOSE_DisquePlein.md,CLOSE_DisquePlein.md,.md,3269
Template,15_TEMPLATE_TICKETOPS,CLOSE_Patching — Fermeture Patching Serveurs,IT-SHARED/20_TEMPLATES/15_TEMPLATE_TICKETOPS/CLOSE_Patching.md,CLOSE_Patching.md,.md,2952
Template,15_TEMPLATE_TICKETOPS,CLOSE_Postcheck — Fermeture Postcheck post-intervention,IT-SHARED/20_TEMPLATES/15_TEMPLATE_TICKETOPS/CLOSE_Postcheck.md,CLOSE_Postcheck.md,.md,4097
Template,15_TEMPLATE_TICKETOPS,CLOSE_RDSLicensing — Fermeture Licences RDS,IT-SHARED/20_TEMPLATES/15_TEMPLATE_TICKETOPS/CLOSE_RDSLicensing.md,CLOSE_RDSLicensing.md,.md,3346
Template,15_TEMPLATE_TICKETOPS,CLOSE_RebootServeur — Fermeture Reboot serveur,IT-SHARED/20_TEMPLATES/15_TEMPLATE_TICKETOPS/CLOSE_RebootServeur.md,CLOSE_RebootServeur.md,.md,3455
Template,15_TEMPLATE_TICKETOPS,CLOSE_SnapshotVMware — Fermeture Snapshot VMware,IT-SHARED/20_TEMPLATES/15_TEMPLATE_TICKETOPS/CLOSE_SnapshotVMware.md,CLOSE_SnapshotVMware.md,.md,2882
Template,15_TEMPLATE_TICKETOPS,CLOSE_WindowsUpdateMissing — Fermeture Windows Update manquantes,IT-SHARED/20_TEMPLATES/15_TEMPLATE_TICKETOPS/CLOSE_WindowsUpdateMissing.md,CLOSE_WindowsUpdateMissing.md,.md,3067
Template,15_TEMPLATE_TICKETOPS,ESCALADE VENTES — Template agent terrain → IT-ProjetSOW,IT-SHARED/20_TEMPLATES/15_TEMPLATE_TICKETOPS/ESCALADE_VENTES.md,ESCALADE_VENTES.md,.md,4782
Template,15_TEMPLATE_TICKETOPS,HANDOFF_SCHEMA.yaml — Schéma de passation inter-agents IT-TicketOpsAI,IT-SHARED/20_TEMPLATES/15_TEMPLATE_TICKETOPS/HANDOFF_SCHEMA.yaml,HANDOFF_SCHEMA.yaml,.yaml,3204
Template,16_TEMPLATE_PROJET,TEMPLATE — Statement of Work (SOW) Client MSP,IT-SHARED/20_TEMPLATES/16_TEMPLATE_PROJET/TEMPLATE_SOW_CLIENT_V1.md,TEMPLATE_SOW_CLIENT_V1.md,.md,3260
Template,99_ARCHIVE,TEMPLATE — FLAG UP / AVERTISSEMENT,IT-SHARED/20_TEMPLATES/99_ARCHIVE/TEMPLATE__FLAG_UP_AVERTISSEMENT.md,TEMPLATE__FLAG_UP_AVERTISSEMENT.md,.md,10285
Template,99_ARCHIVE,GPT SETUP CARD — @IT-[NomAgent],IT-SHARED/20_TEMPLATES/99_ARCHIVE/TEMPLATE__GPT_SETUP_CARD.md,TEMPLATE__GPT_SETUP_CARD.md,.md,2992
Template,99_ARCHIVE,TEMPLATE — Postmortem d'Incident IT,IT-SHARED/20_TEMPLATES/99_ARCHIVE/TEMPLATE__POSTMORTEM_V2.md,TEMPLATE__POSTMORTEM_V2.md,.md,3459
Template,99_ARCHIVE,TEMPLATE — Rapport QBR (Quarterly Business Review) MSP,IT-SHARED/20_TEMPLATES/99_ARCHIVE/TEMPLATE__QBR_REPORT_V1.md,TEMPLATE__QBR_REPORT_V1.md,.md,3938
Template,99_ARCHIVE,TEMPLATE - Health Check,IT-SHARED/20_TEMPLATES/99_ARCHIVE/TEMPLATE__SERVICE_RESTAURE_OK.md,TEMPLATE__SERVICE_RESTAURE_OK.md,.md,1687
Script,ROOT,LIBRARY_BASH_Bash-Snippets_V1,IT-SHARED/30_SCRIPTS/LIBRARY_BASH_Bash-Snippets_V1.md,LIBRARY_BASH_Bash-Snippets_V1.md,.md,3571
Script,ROOT,POWERSHELL LIBRARY: Event Log Analysis,IT-SHARED/30_SCRIPTS/LIBRARY_DIAG_EventLog-Analysis_V1.md,LIBRARY_DIAG_EventLog-Analysis_V1.md,.md,8551
Script,ROOT,POWERSHELL LIBRARY: Server Management,IT-SHARED/30_SCRIPTS/LIBRARY_MAINT_Server-Management_V1.md,LIBRARY_MAINT_Server-Management_V1.md,.md,2236
Script,ROOT,LIBRARY_PS_PowerShell-Snippets_V1,IT-SHARED/30_SCRIPTS/LIBRARY_PS_PowerShell-Snippets_V1.md,LIBRARY_PS_PowerShell-Snippets_V1.md,.md,6742
Script,ROOT,LIBRARY_BASH_Bash-Snippets_V1,IT-SHARED/30_SCRIPTS/LIBRARY__Bash_Snippets.md,LIBRARY__Bash_Snippets.md,.md,3571
Script,ROOT,LIBRARY_PS_PowerShell-Snippets_V1,IT-SHARED/30_SCRIPTS/LIBRARY__PowerShell_Snippets.md,LIBRARY__PowerShell_Snippets.md,.md,6742
Script,ROOT,>,IT-SHARED/30_SCRIPTS/MAINT-SRV-MasterScript_V1.ps1,MAINT-SRV-MasterScript_V1.ps1,.ps1,14132
Script,ROOT,Requires -Version 5.1,IT-SHARED/30_SCRIPTS/POWERSHELL__Template_Standard_v1.ps1,POWERSHELL__Template_Standard_v1.ps1,.ps1,5894
Script,ROOT,Requires -Version 5.1,IT-SHARED/30_SCRIPTS/SCRIPT_AUDIT_AD-Health_V1.ps1,SCRIPT_AUDIT_AD-Health_V1.ps1,.ps1,3313
Script,ROOT,Requires -Version 5.1,IT-SHARED/30_SCRIPTS/SCRIPT_AUDIT_HealthCheck-Server_V1.ps1,SCRIPT_AUDIT_HealthCheck-Server_V1.ps1,.ps1,6150
Script,ROOT,Requires -Version 5.1,IT-SHARED/30_SCRIPTS/SCRIPT_Analyse_Serveur_TicketOps_V1.ps1,SCRIPT_Analyse_Serveur_TicketOps_V1.ps1,.ps1,20431
Script,ROOT,Requires -Version 5.1,IT-SHARED/30_SCRIPTS/SCRIPT_BACKUP_Veeam-JobStatus_V1.ps1,SCRIPT_BACKUP_Veeam-JobStatus_V1.ps1,.ps1,4663
Script,ROOT,!>,IT-SHARED/30_SCRIPTS/SCRIPT_DIAG_Collect-Server-Check_V1.ps1,SCRIPT_DIAG_Collect-Server-Check_V1.ps1,.ps1,3197
Script,ROOT,Requires -Version 5.1,IT-SHARED/30_SCRIPTS/SCRIPT_DIAG_DCDIAG-Quick_V1.ps1,SCRIPT_DIAG_DCDIAG-Quick_V1.ps1,.ps1,624
Script,ROOT,>,IT-SHARED/30_SCRIPTS/SCRIPT_DIAG_Health-and-Updates_V1.ps1,SCRIPT_DIAG_Health-and-Updates_V1.ps1,.ps1,7317
Script,ROOT,Requires -Version 5.1,IT-SHARED/30_SCRIPTS/SCRIPT_DIAG_Pending-Reboot_V1.ps1,SCRIPT_DIAG_Pending-Reboot_V1.ps1,.ps1,3904
Script,ROOT,>,IT-SHARED/30_SCRIPTS/SCRIPT_DIAG_Precheck-DC-DNS_V1.ps1,SCRIPT_DIAG_Precheck-DC-DNS_V1.ps1,.ps1,7088
Script,ROOT,>,IT-SHARED/30_SCRIPTS/SCRIPT_DIAG_Precheck-HyperV_V1.ps1,SCRIPT_DIAG_Precheck-HyperV_V1.ps1,.ps1,11109
Script,ROOT,>,IT-SHARED/30_SCRIPTS/SCRIPT_DIAG_Precheck-Server-Generic_V1.ps1,SCRIPT_DIAG_Precheck-Server-Generic_V1.ps1,.ps1,11676
Script,ROOT,Requires -Version 5.1,IT-SHARED/30_SCRIPTS/SCRIPT_DIAG_RAM-TopProcess_V1.ps1,SCRIPT_DIAG_RAM-TopProcess_V1.ps1,.ps1,543
Script,ROOT,============================================================,IT-SHARED/30_SCRIPTS/SCRIPT_DIAG_SLOW_SRV_V1.ps1,SCRIPT_DIAG_SLOW_SRV_V1.ps1,.ps1,15121
Script,ROOT,SCRIPT MAINTENANCE CW-MaintenanceConsole-Launcher V1,IT-SHARED/30_SCRIPTS/SCRIPT_MAINTENANCE_CW-MaintenanceConsole-Launcher_V1.ps1,SCRIPT_MAINTENANCE_CW-MaintenanceConsole-Launcher_V1.ps1,.ps1,79
Script,ROOT,>,IT-SHARED/30_SCRIPTS/SCRIPT_MAINTENANCE_CW-MaintenanceConsole_V1.ps1,SCRIPT_MAINTENANCE_CW-MaintenanceConsole_V1.ps1,.ps1,36249
Script,ROOT,Restart-Computer -Force  ⚠️ NE PAS décommenter sans validation explicite du technicien,IT-SHARED/30_SCRIPTS/SCRIPT_MAINT_DISM-SFC-Restore_V1.ps1,SCRIPT_MAINT_DISM-SFC-Restore_V1.ps1,.ps1,291
Script,ROOT,Plus précis si dispo,IT-SHARED/30_SCRIPTS/SCRIPT_PRECHECK_DC_V3.ps1,SCRIPT_PRECHECK_DC_V3.ps1,.ps1,5412
Script,ROOT,============================================================,IT-SHARED/30_SCRIPTS/SCRIPT_PRECHECK_POSTCHECK_V3.ps1,SCRIPT_PRECHECK_POSTCHECK_V3.ps1,.ps1,20695
Script,ROOT,>,IT-SHARED/30_SCRIPTS/SCRIPT_PostCheck_PanneHQ.ps1,SCRIPT_PostCheck_PanneHQ.ps1,.ps1,10833
Script,ROOT,Requires -Version 5.1,IT-SHARED/30_SCRIPTS/SCRIPT_SECU_M365-CompteCompromis_V1.ps1,SCRIPT_SECU_M365-CompteCompromis_V1.ps1,.ps1,5046
Script,ROOT,Requires -Version 5.1,IT-SHARED/30_SCRIPTS/SCRIPT_TEMPLATE_PS-Standard_V1.ps1,SCRIPT_TEMPLATE_PS-Standard_V1.ps1,.ps1,5894
Script,ROOT,Boot time (vérifie que ça a bien rebooté récemment),IT-SHARED/30_SCRIPTS/Script_RebootInfoShort_SRV.ps1,Script_RebootInfoShort_SRV.ps1,.ps1,917
Checklist,99_ARCHIVE,CHECKLIST - Déploiement Azure VM,IT-SHARED/40_CHECKLISTS/99_ARCHIVE/CHECKLIST_INFRA_Azure-VM-Deployment_V1.md,CHECKLIST_INFRA_Azure-VM-Deployment_V1.md,.md,4271
Checklist,99_ARCHIVE,CHECKLIST: Microsoft 365 Configuration Best Practices,IT-SHARED/40_CHECKLISTS/99_ARCHIVE/CHECKLIST_INFRA_M365-Configuration_V1.md,CHECKLIST_INFRA_M365-Configuration_V1.md,.md,14271
Checklist,99_ARCHIVE,CHECKLIST_MASTER_Compliance-et-BestPractices_V1,IT-SHARED/40_CHECKLISTS/99_ARCHIVE/CHECKLIST_MASTER_Compliance-et-BestPractices_V1.md,CHECKLIST_MASTER_Compliance-et-BestPractices_V1.md,.md,2345
Checklist,99_ARCHIVE,CHECKLIST LIBRARY — IT-AssistanceTechnique (MASTER),IT-SHARED/40_CHECKLISTS/99_ARCHIVE/CHECKLIST_MASTER_Library-IT_V1.md,CHECKLIST_MASTER_Library-IT_V1.md,.md,28326
Checklist,99_ARCHIVE,CHECKLIST_NOC_Shift-Handover_V1,IT-SHARED/40_CHECKLISTS/99_ARCHIVE/CHECKLIST_NOC_Shift-Handover_V1.md,CHECKLIST_NOC_Shift-Handover_V1.md,.md,1968
Checklist,99_ARCHIVE,CHECKLIST_REPORT_KPIs-MSP-Mensuels_V1,IT-SHARED/40_CHECKLISTS/99_ARCHIVE/CHECKLIST_REPORT_KPIs-MSP-Mensuels_V1.md,CHECKLIST_REPORT_KPIs-MSP-Mensuels_V1.md,.md,1906
Checklist,99_ARCHIVE,CHECKLIST_SECURITY_Hardening-et-Audit_V1,IT-SHARED/40_CHECKLISTS/99_ARCHIVE/CHECKLIST_SECURITY_Hardening-et-Audit_V1.md,CHECKLIST_SECURITY_Hardening-et-Audit_V1.md,.md,2752
Checklist,99_ARCHIVE,CHECKLIST_BACKUP_DR-Readiness_V1,IT-SHARED/40_CHECKLISTS/99_ARCHIVE/CHECKLIST__DR_Readiness.md,CHECKLIST__DR_Readiness.md,.md,2206
Checklist,99_ARCHIVE,CHECKLIST — KICKOFF (Ticket MSP),IT-SHARED/40_CHECKLISTS/99_ARCHIVE/CHECKLIST__KICKOFF_TICKET.md,CHECKLIST__KICKOFF_TICKET.md,.md,366
Checklist,99_ARCHIVE,CHECKLIST — POSTCHECK (Generic Windows Server),IT-SHARED/40_CHECKLISTS/99_ARCHIVE/CHECKLIST__POSTCHECK_GENERIC.md,CHECKLIST__POSTCHECK_GENERIC.md,.md,357
Checklist,99_ARCHIVE,CHECKLIST — PRECHECK (Generic Windows Server),IT-SHARED/40_CHECKLISTS/99_ARCHIVE/CHECKLIST__PRECHECK_GENERIC.md,CHECKLIST__PRECHECK_GENERIC.md,.md,450
Checklist,99_ARCHIVE,CHECKLIST_SECURITY_Hardening-et-Audit_V1,IT-SHARED/40_CHECKLISTS/99_ARCHIVE/CHECKLIST__Security.md,CHECKLIST__Security.md,.md,2752
Checklist,ROOT,BUNDLE — CHECKLISTS IT MSP,IT-SHARED/40_CHECKLISTS/BUNDLE_CHECKLISTS_IT_V1.md,BUNDLE_CHECKLISTS_IT_V1.md,.md,71577
Checklist,ROOT,CHECKLIST_BACKUP_DR-Readiness_V1,IT-SHARED/40_CHECKLISTS/CHECKLIST_BACKUP_DR-Readiness_V1.md,CHECKLIST_BACKUP_DR-Readiness_V1.md,.md,2220
Checklist,ROOT,CHECKLIST — CLOSEOUT (ConnectWise),IT-SHARED/40_CHECKLISTS/CHECKLIST_CW_Closeout_V1.md,CHECKLIST_CW_Closeout_V1.md,.md,325
Checklist,ROOT,CHECKLIST — KICKOFF (Ticket MSP),IT-SHARED/40_CHECKLISTS/CHECKLIST_CW_Kickoff-Ticket_V1.md,CHECKLIST_CW_Kickoff-Ticket_V1.md,.md,413
Checklist,ROOT,CHECKLIST - Déploiement Azure VM,IT-SHARED/40_CHECKLISTS/CHECKLIST_INFRA_Azure-VM-Deployment_V1.md,CHECKLIST_INFRA_Azure-VM-Deployment_V1.md,.md,4319
Checklist,ROOT,CHECKLIST: Microsoft 365 Configuration Best Practices,IT-SHARED/40_CHECKLISTS/CHECKLIST_INFRA_M365-Configuration_V1.md,CHECKLIST_INFRA_M365-Configuration_V1.md,.md,14319
Checklist,ROOT,CHECKLIST — POSTCHECK (Generic Windows Server),IT-SHARED/40_CHECKLISTS/CHECKLIST_MAINTENANCE_Postcheck-Generic_V1.md,CHECKLIST_MAINTENANCE_Postcheck-Generic_V1.md,.md,563
Checklist,ROOT,CHECKLIST_MAINTENANCE_Pre-Maintenance_V1,IT-SHARED/40_CHECKLISTS/CHECKLIST_MAINTENANCE_Pre-Maintenance_V1.md,CHECKLIST_MAINTENANCE_Pre-Maintenance_V1.md,.md,2034
Checklist,ROOT,CHECKLIST — PRECHECK (Generic Windows Server),IT-SHARED/40_CHECKLISTS/CHECKLIST_MAINTENANCE_Precheck-Generic_V1.md,CHECKLIST_MAINTENANCE_Precheck-Generic_V1.md,.md,656
Checklist,ROOT,CHECKLIST_MASTER_Compliance-et-BestPractices_V1,IT-SHARED/40_CHECKLISTS/CHECKLIST_MASTER_Compliance-et-BestPractices_V1.md,CHECKLIST_MASTER_Compliance-et-BestPractices_V1.md,.md,2359
Checklist,ROOT,CHECKLIST LIBRARY — IT-Assistant-N3 (MASTER),IT-SHARED/40_CHECKLISTS/CHECKLIST_MASTER_Library-IT_V1.md,CHECKLIST_MASTER_Library-IT_V1.md,.md,28366
Checklist,ROOT,CHECKLIST_NOC_Shift-Handover_V1,IT-SHARED/40_CHECKLISTS/CHECKLIST_NOC_Shift-Handover_V1.md,CHECKLIST_NOC_Shift-Handover_V1.md,.md,2016
Checklist,ROOT,CHECKLIST_REPORT_KPIs-MSP-Mensuels_V1,IT-SHARED/40_CHECKLISTS/CHECKLIST_REPORT_KPIs-MSP-Mensuels_V1.md,CHECKLIST_REPORT_KPIs-MSP-Mensuels_V1.md,.md,1906
Checklist,ROOT,CHECKLIST_SECURITY_Hardening-et-Audit_V1,IT-SHARED/40_CHECKLISTS/CHECKLIST_SECURITY_Hardening-et-Audit_V1.md,CHECKLIST_SECURITY_Hardening-et-Audit_V1.md,.md,2788
Checklist,ROOT,CHECKLIST_SUPPORT_Intervention-Steps_V1,IT-SHARED/40_CHECKLISTS/CHECKLIST_SUPPORT_Intervention-Steps_V1.md,CHECKLIST_SUPPORT_Intervention-Steps_V1.md,.md,2247
Bundle,99_ARCHIVE,BUNDLE — BUNDLE_INFRA_365,IT-SHARED/60_BUNDLES/99_ARCHIVE/BUNDLE_INFRA_365.md,BUNDLE_INFRA_365.md,.md,25044
Bundle,99_ARCHIVE,BUNDLE — BUNDLE_INFRA_SERVER,IT-SHARED/60_BUNDLES/99_ARCHIVE/BUNDLE_INFRA_SERVER.md,BUNDLE_INFRA_SERVER.md,.md,31626
Bundle,99_ARCHIVE,BUNDLE — BUNDLE_INFRA_VIRTUALISATION,IT-SHARED/60_BUNDLES/99_ARCHIVE/BUNDLE_INFRA_VIRTUALISATION.md,BUNDLE_INFRA_VIRTUALISATION.md,.md,19775
Bundle,99_ARCHIVE,BUNDLE_KP — IT-FrontLine,IT-SHARED/60_BUNDLES/99_ARCHIVE/BUNDLE_KP_AssistanTI-FrontLine_V1.md,BUNDLE_KP_AssistanTI-FrontLine_V1.md,.md,12073
Bundle,99_ARCHIVE,BUNDLE_KP_AssistanTI-N2_V1,IT-SHARED/60_BUNDLES/99_ARCHIVE/BUNDLE_KP_AssistanTI-N2_V1.md,BUNDLE_KP_AssistanTI-N2_V1.md,.md,12278
Bundle,99_ARCHIVE,BUNDLE_KP_AssistanTI-N3_V1,IT-SHARED/60_BUNDLES/99_ARCHIVE/BUNDLE_KP_AssistanTI-N3_V1.md,BUNDLE_KP_AssistanTI-N3_V1.md,.md,8053
Bundle,99_ARCHIVE,BUNDLE — IT Sécurité MSP,IT-SHARED/60_BUNDLES/99_ARCHIVE/BUNDLE_SECURITY_Securite_V1.md,BUNDLE_SECURITY_Securite_V1.md,.md,5043
Bundle,99_ARCHIVE,Bundle — Firewall & Network Security Runbooks,IT-SHARED/60_BUNDLES/99_ARCHIVE/BUNDLE__INFRA_Firewall.md,BUNDLE__INFRA_Firewall.md,.md,32703
Bundle,99_ARCHIVE,BUNDLE — IT Core MSP,IT-SHARED/60_BUNDLES/99_ARCHIVE/BUNDLE__IT_CORE_MSP.md,BUNDLE__IT_CORE_MSP.md,.md,4544
Bundle,99_ARCHIVE,BUNDLE — IT Gouvernance MSP,IT-SHARED/60_BUNDLES/99_ARCHIVE/BUNDLE__IT_GOVERNANCE.md,BUNDLE__IT_GOVERNANCE.md,.md,4969
Bundle,99_ARCHIVE,BUNDLE — IT Intervention & NOC MSP,IT-SHARED/60_BUNDLES/99_ARCHIVE/BUNDLE__IT_NOC_INTERVENTION.md,BUNDLE__IT_NOC_INTERVENTION.md,.md,4484
Bundle,99_ARCHIVE,BUNDLE — IT Sécurité MSP,IT-SHARED/60_BUNDLES/99_ARCHIVE/BUNDLE__IT_SECURITY.md,BUNDLE__IT_SECURITY.md,.md,5037
Bundle,ROOT,BUNDLE_INFRA_CLOUD_AWS_V1,IT-SHARED/60_BUNDLES/BUNDLE_INFRA_CLOUD_AWS_V1.md,BUNDLE_INFRA_CLOUD_AWS_V1.md,.md,4479
Bundle,ROOT,BUNDLE_INFRA_CLOUD_GCP_GoogleWorkspace_V1,IT-SHARED/60_BUNDLES/BUNDLE_INFRA_CLOUD_GCP_GoogleWorkspace_V1.md,BUNDLE_INFRA_CLOUD_GCP_GoogleWorkspace_V1.md,.md,3841
Bundle,ROOT,BUNDLE_INFRA_DNS_Domains_V1,IT-SHARED/60_BUNDLES/BUNDLE_INFRA_DNS_Domains_V1.md,BUNDLE_INFRA_DNS_Domains_V1.md,.md,6630
Bundle,ROOT,BUNDLE — BUNDLE_INFRA_FIREWALL,IT-SHARED/60_BUNDLES/BUNDLE_INFRA_FIREWALL.md,BUNDLE_INFRA_FIREWALL.md,.md,27381
Bundle,ROOT,BUNDLE_INFRA_LINUX_V1,IT-SHARED/60_BUNDLES/BUNDLE_INFRA_LINUX_V1.md,BUNDLE_INFRA_LINUX_V1.md,.md,3844
Bundle,ROOT,BUNDLE — IT Core MSP,IT-SHARED/60_BUNDLES/BUNDLE_MASTER_Core-MSP_V1.md,BUNDLE_MASTER_Core-MSP_V1.md,.md,4542
Bundle,ROOT,BUNDLE — IT Gouvernance MSP,IT-SHARED/60_BUNDLES/BUNDLE_MASTER_Gouvernance_V1.md,BUNDLE_MASTER_Gouvernance_V1.md,.md,4993
Bundle,ROOT,BUNDLE — IT Intervention & NOC MSP,IT-SHARED/60_BUNDLES/BUNDLE_NOC_Intervention_V1.md,BUNDLE_NOC_Intervention_V1.md,.md,4492
Bundle,ROOT,BUNDLE_NOC_SOC_SIEM_V1,IT-SHARED/60_BUNDLES/BUNDLE_NOC_SOC_SIEM_V1.md,BUNDLE_NOC_SOC_SIEM_V1.md,.md,10541
Bundle,ROOT,BUNDLE_RUNBOOKS_IT_BACKUP_DR,IT-SHARED/60_BUNDLES/BUNDLE_RUNBOOKS_IT_BACKUP_DR.md,BUNDLE_RUNBOOKS_IT_BACKUP_DR.md,.md,8704
Bundle,ROOT,BUNDLE_RUNBOOKS_IT_BACKUP_DR_ADDENDUM_V1,IT-SHARED/60_BUNDLES/BUNDLE_RUNBOOKS_IT_BACKUP_DR_ADDENDUM_V1.md,BUNDLE_RUNBOOKS_IT_BACKUP_DR_ADDENDUM_V1.md,.md,859
Bundle,ROOT,BUNDLE_RUNBOOKS_IT_CLOUD,IT-SHARED/60_BUNDLES/BUNDLE_RUNBOOKS_IT_CLOUD.md,BUNDLE_RUNBOOKS_IT_CLOUD.md,.md,17822
Bundle,ROOT,BUNDLE_RUNBOOKS_IT_INFRA,IT-SHARED/60_BUNDLES/BUNDLE_RUNBOOKS_IT_INFRA.md,BUNDLE_RUNBOOKS_IT_INFRA.md,.md,33650
Bundle,ROOT,BUNDLE_RUNBOOKS_IT_NOC_URGENCE,IT-SHARED/60_BUNDLES/BUNDLE_RUNBOOKS_IT_NOC_URGENCE.md,BUNDLE_RUNBOOKS_IT_NOC_URGENCE.md,.md,19153
Bundle,ROOT,BUNDLE_RUNBOOKS_IT_RESEAU_VOIP,IT-SHARED/60_BUNDLES/BUNDLE_RUNBOOKS_IT_RESEAU_VOIP.md,BUNDLE_RUNBOOKS_IT_RESEAU_VOIP.md,.md,16296
Bundle,ROOT,BUNDLE_RUNBOOKS_IT_SECURITE,IT-SHARED/60_BUNDLES/BUNDLE_RUNBOOKS_IT_SECURITE.md,BUNDLE_RUNBOOKS_IT_SECURITE.md,.md,24820
Bundle,ROOT,BUNDLE_RUNBOOKS_IT_SUPPORT,IT-SHARED/60_BUNDLES/BUNDLE_RUNBOOKS_IT_SUPPORT.md,BUNDLE_RUNBOOKS_IT_SUPPORT.md,.md,41073
Bundle,ROOT,BUNDLE RUNBOOK BACKUP Datto-Keepit-DR V1,IT-SHARED/60_BUNDLES/BUNDLE_RUNBOOK_BACKUP_Datto-Keepit-DR_V1.md,BUNDLE_RUNBOOK_BACKUP_Datto-Keepit-DR_V1.md,.md,23747
Bundle,ROOT,BUNDLE RUNBOOK BACKUP Veeam-Operations V1,IT-SHARED/60_BUNDLES/BUNDLE_RUNBOOK_BACKUP_Veeam-Operations_V1.md,BUNDLE_RUNBOOK_BACKUP_Veeam-Operations_V1.md,.md,22177
Bundle,ROOT,BUNDLE RUNBOOK INFRA AD-Operations V1,IT-SHARED/60_BUNDLES/BUNDLE_RUNBOOK_INFRA_AD-Operations_V1.md,BUNDLE_RUNBOOK_INFRA_AD-Operations_V1.md,.md,17487
Bundle,ROOT,BUNDLE RUNBOOK INFRA Firewall-VPN V1,IT-SHARED/60_BUNDLES/BUNDLE_RUNBOOK_INFRA_Firewall-VPN_V1.md,BUNDLE_RUNBOOK_INFRA_Firewall-VPN_V1.md,.md,37272
Bundle,ROOT,BUNDLE RUNBOOK INFRA Hyperviseurs V1,IT-SHARED/60_BUNDLES/BUNDLE_RUNBOOK_INFRA_Hyperviseurs_V1.md,BUNDLE_RUNBOOK_INFRA_Hyperviseurs_V1.md,.md,25852
Bundle,ROOT,BUNDLE RUNBOOK INFRA M365 V1,IT-SHARED/60_BUNDLES/BUNDLE_RUNBOOK_INFRA_M365_V1.md,BUNDLE_RUNBOOK_INFRA_M365_V1.md,.md,51231
Bundle,ROOT,BUNDLE RUNBOOK INFRA RDS-Operations V1,IT-SHARED/60_BUNDLES/BUNDLE_RUNBOOK_INFRA_RDS-Operations_V1.md,BUNDLE_RUNBOOK_INFRA_RDS-Operations_V1.md,.md,16160
Bundle,ROOT,BUNDLE RUNBOOK MAINTENANCE Patching-Windows V1,IT-SHARED/60_BUNDLES/BUNDLE_RUNBOOK_MAINTENANCE_Patching-Windows_V1.md,BUNDLE_RUNBOOK_MAINTENANCE_Patching-Windows_V1.md,.md,30360
Bundle,ROOT,BUNDLE RUNBOOK MAINTENANCE Server-Health V1,IT-SHARED/60_BUNDLES/BUNDLE_RUNBOOK_MAINTENANCE_Server-Health_V1.md,BUNDLE_RUNBOOK_MAINTENANCE_Server-Health_V1.md,.md,10405
Bundle,ROOT,BUNDLE RUNBOOK NOC RMM-Monitoring V1,IT-SHARED/60_BUNDLES/BUNDLE_RUNBOOK_NOC_RMM-Monitoring_V1.md,BUNDLE_RUNBOOK_NOC_RMM-Monitoring_V1.md,.md,22414
Bundle,ROOT,BUNDLE RUNBOOK SECURITY Incident-Response V1,IT-SHARED/60_BUNDLES/BUNDLE_RUNBOOK_SECURITY_Incident-Response_V1.md,BUNDLE_RUNBOOK_SECURITY_Incident-Response_V1.md,.md,36360
Bundle,ROOT,BUNDLE RUNBOOK SUPPORT Intervention-Live V1,IT-SHARED/60_BUNDLES/BUNDLE_RUNBOOK_SUPPORT_Intervention-Live_V1.md,BUNDLE_RUNBOOK_SUPPORT_Intervention-Live_V1.md,.md,63710
Bundle,ROOT,BUNDLE RUNBOOK SUPPORT Triage-KB V1,IT-SHARED/60_BUNDLES/BUNDLE_RUNBOOK_SUPPORT_Triage-KB_V1.md,BUNDLE_RUNBOOK_SUPPORT_Triage-KB_V1.md,.md,21010
Bundle,ROOT,BUNDLE_SUPPORT_N1_UserSupport_V1,IT-SHARED/60_BUNDLES/BUNDLE_SUPPORT_N1_UserSupport_V1.md,BUNDLE_SUPPORT_N1_UserSupport_V1.md,.md,9152
Bundle,ROOT,BUNDLE_SUPPORT_Print_Diag_V1,IT-SHARED/60_BUNDLES/BUNDLE_SUPPORT_Print_Diag_V1.md,BUNDLE_SUPPORT_Print_Diag_V1.md,.md,4967
Bundle,ROOT,BUNDLE — BUNDLE_INFRA_SERVER,IT-SHARED/60_BUNDLES/BUNDLE_SUPPORT_SERVER-AD.md,BUNDLE_SUPPORT_SERVER-AD.md,.md,31626
Bundle,ROOT,BUNDLE_vs_AGENT — Par Agent,IT-SHARED/60_BUNDLES/BUNDLE_vs_AGENT_V3.2.md,BUNDLE_vs_AGENT_V3.2.md,.md,16028
Bundle,KNOWLEDGEPACK,BUNDLE_KP — IT-FrontLine,IT-SHARED/60_BUNDLES/KNOWLEDGEPACK/99_ARCHIVE/BUNDLE_KP_AssistanTI-FrontLine_V1.md,BUNDLE_KP_AssistanTI-FrontLine_V1.md,.md,12073
Bundle,KNOWLEDGEPACK,BUNDLE_KP_AssetMaster_V1,IT-SHARED/60_BUNDLES/KNOWLEDGEPACK/BUNDLE_KP_AssetMaster_V1.md,BUNDLE_KP_AssetMaster_V1.md,.md,1850
Bundle,KNOWLEDGEPACK,BUNDLE_KP_Assistant-N2_V1,IT-SHARED/60_BUNDLES/KNOWLEDGEPACK/BUNDLE_KP_Assistant-N2_V1.md,BUNDLE_KP_Assistant-N2_V1.md,.md,12277
Bundle,KNOWLEDGEPACK,BUNDLE_KP_Assistant-N2_V2,IT-SHARED/60_BUNDLES/KNOWLEDGEPACK/BUNDLE_KP_Assistant-N2_V2.md,BUNDLE_KP_Assistant-N2_V2.md,.md,21132
Bundle,KNOWLEDGEPACK,BUNDLE_KP_Assistant-N3_V1,IT-SHARED/60_BUNDLES/KNOWLEDGEPACK/BUNDLE_KP_Assistant-N3_V1.md,BUNDLE_KP_Assistant-N3_V1.md,.md,8052
Bundle,KNOWLEDGEPACK,BUNDLE_KP_Assistant-N3_V2,IT-SHARED/60_BUNDLES/KNOWLEDGEPACK/BUNDLE_KP_Assistant-N3_V2.md,BUNDLE_KP_Assistant-N3_V2.md,.md,26916
Bundle,KNOWLEDGEPACK,BUNDLE_KP_BackupDRMaster_V1,IT-SHARED/60_BUNDLES/KNOWLEDGEPACK/BUNDLE_KP_BackupDRMaster_V1.md,BUNDLE_KP_BackupDRMaster_V1.md,.md,5700
Bundle,KNOWLEDGEPACK,BUNDLE_KP_BackupDRMaster_V2,IT-SHARED/60_BUNDLES/KNOWLEDGEPACK/BUNDLE_KP_BackupDRMaster_V2.md,BUNDLE_KP_BackupDRMaster_V2.md,.md,21371
Bundle,KNOWLEDGEPACK,BUNDLE_KP_ClientDocMaster_V1,IT-SHARED/60_BUNDLES/KNOWLEDGEPACK/BUNDLE_KP_ClientDocMaster_V1.md,BUNDLE_KP_ClientDocMaster_V1.md,.md,7691
Bundle,KNOWLEDGEPACK,BUNDLE_KP_CloudMaster_V1,IT-SHARED/60_BUNDLES/KNOWLEDGEPACK/BUNDLE_KP_CloudMaster_V1.md,BUNDLE_KP_CloudMaster_V1.md,.md,2248
Bundle,KNOWLEDGEPACK,BUNDLE_KP_CloudMaster_V2,IT-SHARED/60_BUNDLES/KNOWLEDGEPACK/BUNDLE_KP_CloudMaster_V2.md,BUNDLE_KP_CloudMaster_V2.md,.md,19949
Bundle,KNOWLEDGEPACK,BUNDLE_KP_Commandare-Infra_V1,IT-SHARED/60_BUNDLES/KNOWLEDGEPACK/BUNDLE_KP_Commandare-Infra_V1.md,BUNDLE_KP_Commandare-Infra_V1.md,.md,6978
Bundle,KNOWLEDGEPACK,BUNDLE_KP_Commandare-NOC_V1,IT-SHARED/60_BUNDLES/KNOWLEDGEPACK/BUNDLE_KP_Commandare-NOC_V1.md,BUNDLE_KP_Commandare-NOC_V1.md,.md,8490
Bundle,KNOWLEDGEPACK,BUNDLE_KP_Commandare-OPR_V1,IT-SHARED/60_BUNDLES/KNOWLEDGEPACK/BUNDLE_KP_Commandare-OPR_V1.md,BUNDLE_KP_Commandare-OPR_V1.md,.md,7400
Bundle,KNOWLEDGEPACK,BUNDLE_KP_Commandare-TECH_V1,IT-SHARED/60_BUNDLES/KNOWLEDGEPACK/BUNDLE_KP_Commandare-TECH_V1.md,BUNDLE_KP_Commandare-TECH_V1.md,.md,6803
Bundle,KNOWLEDGEPACK,BUNDLE_KP — IT-FrontLine,IT-SHARED/60_BUNDLES/KNOWLEDGEPACK/BUNDLE_KP_FrontLine_V1.md,BUNDLE_KP_FrontLine_V1.md,.md,12040
Bundle,KNOWLEDGEPACK,BUNDLE_KP_FrontLine_V2,IT-SHARED/60_BUNDLES/KNOWLEDGEPACK/BUNDLE_KP_FrontLine_V2.md,BUNDLE_KP_FrontLine_V2.md,.md,21137
Bundle,KNOWLEDGEPACK,BUNDLE_KP_IT-MaintenanceMaster_V2 — KnowledgePack (Windows),IT-SHARED/60_BUNDLES/KNOWLEDGEPACK/BUNDLE_KP_IT-MaintenanceMaster_V2__KnowledgePack.md,BUNDLE_KP_IT-MaintenanceMaster_V2__KnowledgePack.md,.md,11619
Bundle,KNOWLEDGEPACK,BUNDLE_KP_IT-TicketOpsAI_V1,IT-SHARED/60_BUNDLES/KNOWLEDGEPACK/BUNDLE_KP_IT-TicketOpsAI_V1.md,BUNDLE_KP_IT-TicketOpsAI_V1.md,.md,15575
Bundle,KNOWLEDGEPACK,BUNDLE_KP_IT-TicketOpsAI_V2,IT-SHARED/60_BUNDLES/KNOWLEDGEPACK/BUNDLE_KP_IT-TicketOpsAI_V2.md,BUNDLE_KP_IT-TicketOpsAI_V2.md,.md,25063
Bundle,KNOWLEDGEPACK,BUNDLE_KP_KnowledgeKeeper_V1,IT-SHARED/60_BUNDLES/KNOWLEDGEPACK/BUNDLE_KP_KnowledgeKeeper_V1.md,BUNDLE_KP_KnowledgeKeeper_V1.md,.md,1458
Bundle,KNOWLEDGEPACK,BUNDLE_KP_MaintenanceMaster_V1,IT-SHARED/60_BUNDLES/KNOWLEDGEPACK/BUNDLE_KP_MaintenanceMaster_V1.md,BUNDLE_KP_MaintenanceMaster_V1.md,.md,5879
Bundle,KNOWLEDGEPACK,BUNDLE_KP_IT-MaintenanceMaster_V2 — KnowledgePack (Windows),IT-SHARED/60_BUNDLES/KNOWLEDGEPACK/BUNDLE_KP_MaintenanceMaster_V2.md,BUNDLE_KP_MaintenanceMaster_V2.md,.md,17328
Bundle,KNOWLEDGEPACK,BUNDLE_KP_MonitoringMaster_V1,IT-SHARED/60_BUNDLES/KNOWLEDGEPACK/BUNDLE_KP_MonitoringMaster_V1.md,BUNDLE_KP_MonitoringMaster_V1.md,.md,2135
Bundle,KNOWLEDGEPACK,BUNDLE_KP_NOCDispatcher_V1,IT-SHARED/60_BUNDLES/KNOWLEDGEPACK/BUNDLE_KP_NOCDispatcher_V1.md,BUNDLE_KP_NOCDispatcher_V1.md,.md,1772
Bundle,KNOWLEDGEPACK,BUNDLE_KP_NetworkMaster_V1,IT-SHARED/60_BUNDLES/KNOWLEDGEPACK/BUNDLE_KP_NetworkMaster_V1.md,BUNDLE_KP_NetworkMaster_V1.md,.md,6090
Bundle,KNOWLEDGEPACK,BUNDLE_KP_ReportMaster_V1,IT-SHARED/60_BUNDLES/KNOWLEDGEPACK/BUNDLE_KP_ReportMaster_V1.md,BUNDLE_KP_ReportMaster_V1.md,.md,1364
Bundle,KNOWLEDGEPACK,BUNDLE_KP_ScriptMaster_V1,IT-SHARED/60_BUNDLES/KNOWLEDGEPACK/BUNDLE_KP_ScriptMaster_V1.md,BUNDLE_KP_ScriptMaster_V1.md,.md,2047
Bundle,KNOWLEDGEPACK,BUNDLE_KP_SecurityMaster_V1,IT-SHARED/60_BUNDLES/KNOWLEDGEPACK/BUNDLE_KP_SecurityMaster_V1.md,BUNDLE_KP_SecurityMaster_V1.md,.md,6130
Bundle,KNOWLEDGEPACK,BUNDLE_KP_SecurityMaster_V2,IT-SHARED/60_BUNDLES/KNOWLEDGEPACK/BUNDLE_KP_SecurityMaster_V2.md,BUNDLE_KP_SecurityMaster_V2.md,.md,21826
Bundle,KNOWLEDGEPACK,BUNDLE_KP_SysAdmin_V1,IT-SHARED/60_BUNDLES/KNOWLEDGEPACK/BUNDLE_KP_SysAdmin_V1.md,BUNDLE_KP_SysAdmin_V1.md,.md,5870
Bundle,KNOWLEDGEPACK,BUNDLE_KP_SysAdmin_V2,IT-SHARED/60_BUNDLES/KNOWLEDGEPACK/BUNDLE_KP_SysAdmin_V2.md,BUNDLE_KP_SysAdmin_V2.md,.md,26338
Bundle,KNOWLEDGEPACK,BUNDLE_KP_TicketScribe_V1,IT-SHARED/60_BUNDLES/KNOWLEDGEPACK/BUNDLE_KP_TicketScribe_V1.md,BUNDLE_KP_TicketScribe_V1.md,.md,1552
Bundle,KNOWLEDGEPACK,BUNDLE_KP_TicketScribe_V2,IT-SHARED/60_BUNDLES/KNOWLEDGEPACK/BUNDLE_KP_TicketScribe_V2.md,BUNDLE_KP_TicketScribe_V2.md,.md,17546
Bundle,KNOWLEDGEPACK,BUNDLE_KP_UrgenceMaster_V1,IT-SHARED/60_BUNDLES/KNOWLEDGEPACK/BUNDLE_KP_UrgenceMaster_V1.md,BUNDLE_KP_UrgenceMaster_V1.md,.md,9415
Bundle,KNOWLEDGEPACK,BUNDLE_KP_UrgenceMaster_V2,IT-SHARED/60_BUNDLES/KNOWLEDGEPACK/BUNDLE_KP_UrgenceMaster_V2.md,BUNDLE_KP_UrgenceMaster_V2.md,.md,21120
Bundle,KNOWLEDGEPACK,BUNDLE_KP_VoIPMaster_V1,IT-SHARED/60_BUNDLES/KNOWLEDGEPACK/BUNDLE_KP_VoIPMaster_V1.md,BUNDLE_KP_VoIPMaster_V1.md,.md,2057
Example,99_ARCHIVE,"KB — Veeam : Échecs récurrents ""Failed to retrieve object hierarchy"" — Probe RMM VMware",IT-SHARED/80_EXEMPLES/99_ARCHIVE/KB-VEEAM-001_Probe-RMM-VMware.md,KB-VEEAM-001_Probe-RMM-VMware.md,.md,3583
Example,99_ARCHIVE,KB — Windows Update Missing sur Domain Controller,IT-SHARED/80_EXEMPLES/99_ARCHIVE/KB-WU-001_Windows-Update-Missing-DC.md,KB-WU-001_Windows-Update-Missing-DC.md,.md,4794
Example,99_ARCHIVE,TEMPLATE SPÉCIALISÉ — PENDING REBOOT / WINDOWS UPDATE,IT-SHARED/80_EXEMPLES/99_ARCHIVE/Pending_REBOT_OttoInc_002.agent.md,Pending_REBOT_OttoInc_002.agent.md,.md,15640
Example,99_ARCHIVE,TEMPLATE MAÎTRE — INTERVENTION MSP COMPLÈTE,IT-SHARED/80_EXEMPLES/99_ARCHIVE/TEMPLATE_Perfrormance-PREMIUM.md,TEMPLATE_Perfrormance-PREMIUM.md,.md,14429
Example,99_ARCHIVE,TEMPLATE MAÎTRE — INTERVENTION MSP COMPLÈTE,IT-SHARED/80_EXEMPLES/99_ARCHIVE/TEMPLATE_Perfrormance-STD.md,TEMPLATE_Perfrormance-STD.md,.md,13328
Example,ROOT,EXEMPLES_CLOSE_CW_REFERENCE.md,IT-SHARED/80_EXEMPLES/EXEMPLES_CLOSE_CW_REFERENCE.md,EXEMPLES_CLOSE_CW_REFERENCE.md,.md,6708
Example,ROOT,Exemple d’intervention — Windows Update Missing / Patchs “Under review” dans RMM,IT-SHARED/80_EXEMPLES/EXEMPLE_INTERVENTION_WindowsUpdateMissing_UnderReview_RMM.md,EXEMPLE_INTERVENTION_WindowsUpdateMissing_UnderReview_RMM.md,.md,16096
Example,ROOT,EXEMPLE — Intervention Pending Reboot sur serveur de fichiers Windows,IT-SHARED/80_EXEMPLES/EXEMPLE_Intervention_PendingReboot_FileServer_Windows.md,EXEMPLE_Intervention_PendingReboot_FileServer_Windows.md,.md,9307
Example,ROOT,EXEMPLE DE RÉFÉRENCE — P1 Site Down récurrent / Hyper-V / MegaRAID Fatal Firmware Error,IT-SHARED/80_EXEMPLES/EXEMPLE_P1_HyperV_MegaRAID_FatalFirmwareError.md,EXEMPLE_P1_HyperV_MegaRAID_FatalFirmwareError.md,.md,22176
Example,ROOT,Cas de référence — Alerte DHCP capacité élevée / BAD_ADDRESS récurrents,IT-SHARED/80_EXEMPLES/EXEMPLE_Reference_Intervention_DHCP_CRITIQUE.md,EXEMPLE_Reference_Intervention_DHCP_CRITIQUE.md,.md,10390
Example,ROOT,O 7@%N&,IT-SHARED/80_EXEMPLES/EXEMPLE_Reference_MSP_DHCP_Scope_Sature.docx,EXEMPLE_Reference_MSP_DHCP_Scope_Sature.docx,.docx,13112
Example,ROOT,EXEMPLE DE RÉFÉRENCE — INTERVENTION MSP,IT-SHARED/80_EXEMPLES/EXEMPLE_Reference_MSP_DHCP_Scope_Sature.md,EXEMPLE_Reference_MSP_DHCP_Scope_Sature.md,.md,10353
Example,ROOT,Fichier de référence — Cas stabilité EDR / serveur critique,IT-SHARED/80_EXEMPLES/EXEMPLE_SECURITY_REFERENCE_CAS_STABILITE_EDR_SERVEUR_CRITIQUE.md,EXEMPLE_SECURITY_REFERENCE_CAS_STABILITE_EDR_SERVEUR_CRITIQUE.md,.md,15223
Example,ROOT,══════════════════════════════════════════════════════,IT-SHARED/80_EXEMPLES/EXEMPLE_kb_brief_1683171.yaml,EXEMPLE_kb_brief_1683171.yaml,.yaml,4363
Example,ROOT,Fichier exemple — Intervention Veeam — Repository plein / espace insuffisant,IT-SHARED/80_EXEMPLES/Exemple_Intervention_Veeam_Repository_Plein_OttoInc.md,Exemple_Intervention_Veeam_Repository_Plein_OttoInc.md,.md,7345
Example,ROOT,Exemple reference Intervention SYSVOL DFSR DC Unique,IT-SHARED/80_EXEMPLES/Exemple_reference_Intervention_SYSVOL_DFSR_DC_Unique.docx,Exemple_reference_Intervention_SYSVOL_DFSR_DC_Unique.docx,.docx,5428
Example,ROOT,KB — Datto : Échecs Agentless VMware “AgentlessProxyApi initialization timeout / Could not update agent metadata / VMware task still running” — VSS writers + pression mémoire + Sen,IT-SHARED/80_EXEMPLES/KB-DATTO-001_Probe-RMM-VMware.md,KB-DATTO-001_Probe-RMM-VMware.md,.md,8018
Example,ROOT,80_EXEMPLES — Exemples de sorties réelles,IT-SHARED/80_EXEMPLES/README.md,README.md,.md,2441
Example,TEMPLATE_CONCEPT,BRIEF — Complétion d’un cas d’intervention MSP,IT-SHARED/80_EXEMPLES/TEMPLATE_CONCEPT/00_BRIEF_AGENT_COMPLETION.md,00_BRIEF_AGENT_COMPLETION.md,.md,3885
Example,TEMPLATE_CONCEPT,EXEMPLE DE RÉFÉRENCE — INTERVENTION MSP,IT-SHARED/80_EXEMPLES/TEMPLATE_CONCEPT/01_TEMPLATE_Reference_Intervention_MSP.md,01_TEMPLATE_Reference_Intervention_MSP.md,.md,3255
Example,TEMPLATE_CONCEPT,EAIA | MSP Intelligence IT — Cas démonstrateur,IT-SHARED/80_EXEMPLES/TEMPLATE_CONCEPT/03_TEMPLATE_Page_Demo_MSP.html,03_TEMPLATE_Page_Demo_MSP.html,.html,25854
Example,TEMPLATE_CONCEPT,`00_BRIEF_AGENT_COMPLETION.md`,IT-SHARED/80_EXEMPLES/TEMPLATE_CONCEPT/04_TEMPLATE_FULL.md,04_TEMPLATE_FULL.md,.md,23084
Example,TEMPLATE_CONCEPT,EAIA | MSP Intelligence IT — Cas réplication Active Directory / SYSVOL sur RODC,IT-SHARED/80_EXEMPLES/TEMPLATE_CONCEPT/exemple_case.html,exemple_case.html,.html,53429
Example,TEMPLATE_CONCEPT,EAIA | MSP Intelligence IT — Cas démonstrateur,IT-SHARED/80_EXEMPLES/TEMPLATE_CONCEPT/preview_case-name.html,preview_case-name.html,.html,25854
Example,ROOT,TEMPLATE PENDINGREBOOT,IT-SHARED/80_EXEMPLES/TEMPLATE_PENDINGREBOOT.md,TEMPLATE_PENDINGREBOOT.md,.md,26274
Example,ROOT,Exemple d’intervention — Stabilité EDR sur serveur de fichiers critique,IT-SHARED/80_EXEMPLES/exemple_intervention_stabilite_edr_serveur_fichiers.md,exemple_intervention_stabilite_edr_serveur_fichiers.md,.md,18079
KB,ROOT,"KB — Veeam : Échecs récurrents ""Failed to retrieve object hierarchy"" — Probe RMM VMware",IT-SHARED/90_KB/KB-VEEAM-001_Probe-RMM-VMware.md,KB-VEEAM-001_Probe-RMM-VMware.md,.md,3583
KB,ROOT,KB — Windows Update Missing sur Domain Controller,IT-SHARED/90_KB/KB-WU-001_Windows-Update-Missing-DC.md,KB-WU-001_Windows-Update-Missing-DC.md,.md,4794
KB,ROOT,KB INTERNE — NOC / DHCP Scope Saturé (Analyse structurée MSP),IT-SHARED/90_KB/KB_DHCP_DIAG,KB_DHCP_DIAG,,22343
