title,path,filename,size
EAIA | MSP Intelligence IT — Cas de réplication Active Directory / SYSVOL multisite,cases/eaia_case_ad_replication_sysvol_launch_anonymized.html,eaia_case_ad_replication_sysvol_launch_anonymized.html,48893
EAIA | MSP Intelligence IT — Cas réplication Active Directory / SYSVOL sur RODC,cases/eaia_case_ad_replication_sysvol_rodc.html,eaia_case_ad_replication_sysvol_rodc.html,48632
EAIA | MSP Intelligence IT — Cas réplication Active Directory / SYSVOL sur RODC,cases/eaia_case_adws_sysvol_single_dc_launch.html,eaia_case_adws_sysvol_single_dc_launch.html,56280
EAIA | MSP Intelligence IT — Cas de surcharge CPU prolongée sur serveur,cases/eaia_case_cpu_server_premium.html,eaia_case_cpu_server_premium.html,49035
EAIA | MSP Intelligence IT — Cas de récupération documentaire zéro ko,cases/eaia_case_document_recovery_zero_byte.html,eaia_case_document_recovery_zero_byte.html,52373
EAIA | MSP Intelligence IT — Cas stabilité EDR sur serveur critique,cases/eaia_case_edr_stabilite_serveur_critique.html,eaia_case_edr_stabilite_serveur_critique.html,51301
EAIA | MSP Intelligence IT — Cas de stabilité EDR sur serveur de fichiers,cases/eaia_case_edr_stabilite_serveur_fichiers_anonymise.html,eaia_case_edr_stabilite_serveur_fichiers_anonymise.html,63918
EAIA | MSP Intelligence IT — Cas d’alerte matérielle iDRAC / PERC,cases/eaia_case_idrac_perc_warning.html,eaia_case_idrac_perc_warning.html,50362
EAIA | MSP Intelligence IT — Cas multi-serveurs hors ligne / Auvik / ESXi / WatchGuard,cases/eaia_case_msp_lancement_anonymise.html,eaia_case_msp_lancement_anonymise.html,48792
EAIA | MSP Intelligence IT — Cas double redémarrage contrôlé sur contrôleur de domaine,cases/eaia_case_msp_lancement_dc_anonymise.html,eaia_case_msp_lancement_dc_anonymise.html,48787
EAIA | MSP Intelligence IT — Cas réplication Active Directory / SYSVOL sur RODC,cases/eaia_case_msp_launch_adws_sysvol_anonymise.html,eaia_case_msp_launch_adws_sysvol_anonymise.html,56055
EAIA | MSP Intelligence IT — Cas de réplication Active Directory multisites,cases/eaia_case_msp_launch_anonymized_ad_replication.html,eaia_case_msp_launch_anonymized_ad_replication.html,36480
EAIA | MSP Intelligence IT — Cas Auvik / ESXi / perte de visibilité supervision,cases/eaia_case_msp_site_lancement_anonymise.html,eaia_case_msp_site_lancement_anonymise.html,42205
EAIA | MSP Intelligence IT — Cas d’alerte NTFS corrélée à la sauvegarde,cases/eaia_case_ntfs_datto_backup_transient.html,eaia_case_ntfs_datto_backup_transient.html,50196
EAIA | MSP Intelligence IT — Cas NTFS sur serveur de sauvegarde Veeam,cases/eaia_case_ntfs_veeam_bdr.html,eaia_case_ntfs_veeam_bdr.html,48266
EAIA | MSP Intelligence IT — Cas P1 Hyper-V & contrôleur RAID critique,cases/eaia_case_p1_hyperv_megaraid_public.html,eaia_case_p1_hyperv_megaraid_public.html,57032
EAIA | MSP Intelligence IT — Cas de validation de pending reboot sur contrôleur de domaine,cases/eaia_case_pending_reboot_dc.html,eaia_case_pending_reboot_dc.html,52136
EAIA | MSP Intelligence IT — Cas de mise à jour bloquée par pending reboot,cases/eaia_case_pending_reboot_maintenance_window.html,eaia_case_pending_reboot_maintenance_window.html,47993
EAIA | MSP Intelligence IT — Cas pending reboot sur serveur de sauvegarde,cases/eaia_case_pending_reboot_public_anonymized.html,eaia_case_pending_reboot_public_anonymized.html,51560
EAIA | MSP Intelligence IT — Cas de site down et rétablissement Hyper-V,cases/eaia_case_site_down_hyperv.html,eaia_case_site_down_hyperv.html,51541
EAIA | MSP Intelligence IT — Cas stabilité EDR sur serveur critique,cases/eaia_case_stabilite_edr_serveur_critique.html,eaia_case_stabilite_edr_serveur_critique.html,55238
EAIA | MSP Intelligence IT — Cas Veeam : échec VSS / SQLWriter sur contrôleur de domaine,cases/eaia_case_veeam_backup_vss_sqlwriter.html,eaia_case_veeam_backup_vss_sqlwriter.html,51031
EAIA | MSP Intelligence IT — Cas de restauration Veeam Management Agent,cases/eaia_case_veeam_management_agent.html,eaia_case_veeam_management_agent.html,49745
EAIA | MSP Intelligence IT — Cas Veeam pending reboot Windows Update,cases/eaia_case_veeam_pending_reboot_site_lancement.html,eaia_case_veeam_pending_reboot_site_lancement.html,52468
EAIA | MSP Intelligence IT — Cas Veeam repository plein / espace insuffisant,cases/eaia_case_veeam_repository_plein.html,eaia_case_veeam_repository_plein.html,53534
EAIA | MSP Intelligence IT — Cas VMware ESXi / alerte stockage sur ancien hôte,cases/eaia_case_vmware_legacy_esxi_storage.html,eaia_case_vmware_legacy_esxi_storage.html,48828
EAIA | MSP Intelligence IT — Cas Windows Update sur serveur critique mixte DC + SQL,cases/eaia_case_windows_update_dc_sql.html,eaia_case_windows_update_dc_sql.html,50125
EAIA | MSP Intelligence IT — Cas de réplication Active Directory multisites,cases/eaia_case_windows_update_legacy_sbs2011.html,eaia_case_windows_update_legacy_sbs2011.html,50046
EAIA | MSP Intelligence IT — Cas de pending reboot Windows Update sur serveur de fichiers,cases/eaia_case_windows_update_pending_reboot.html,eaia_case_windows_update_pending_reboot.html,50817
EAIA | MSP Intelligence IT — Cas AD intersites,cases/eaia_casepage_ad_replication_public.html,eaia_casepage_ad_replication_public.html,29579
EAIA | MSP Intelligence IT — Cas réel anonymisé : incident serveur critique et corrélation EDR,cases/eaia_casepage_incident_serveur_critique_anonymise.html,eaia_casepage_incident_serveur_critique_anonymise.html,53188
EAIA | MSP Intelligence IT — Cas FILE-01 · pending reboot maîtrisé,cases/eaia_casepage_pending_reboot_fileserver_launch_anonymized_v2.html,eaia_casepage_pending_reboot_fileserver_launch_anonymized_v2.html,47674
EAIA | MSP Intelligence IT — Cas pending reboot sur serveur de fichiers,cases/eaia_cassepage._template_pour _autres_cas.html,eaia_cassepage._template_pour _autres_cas.html,47062
EA|IA — Démonstrateur MSP | Cas DHCP saturé,cases/msp-cas-dhcp-anonymise-lancement.html,msp-cas-dhcp-anonymise-lancement.html,39861
EA|IA — Démonstration MSP | Résolution guidée d’un incident pending reboot,msp-case-demo.html,msp-case-demo.html,35975
MSP Intelligence IT — Démonstrateurs,msp-demos.html,msp-demos.html,14431
EA|IA — MSP Intelligence IT,msp-preview.html,msp-preview.html,5523
